<?xml version="1.0" encoding="UTF-8"?>
<PLANTS>
	<PLANT zone="4">
		<COMMON>Bloodroot</COMMON>
		<BOTANICAL>Sanguinaria canadensis</BOTANICAL>
		<LIGHT>Mostly Shady</LIGHT>
		<PRICE>2.44</PRICE>
		<AVAILABILITY>031599</AVAILABILITY>
	</PLANT>
	<PLANT zone="3">
		<COMMON>Columbine</COMMON>
		<BOTANICAL>Aquilegia canadensis</BOTANICAL>
		<LIGHT>Mostly Shady</LIGHT>
		<PRICE>9.37</PRICE>
		<AVAILABILITY>030699</AVAILABILITY>
	</PLANT>
	<PLANT zone="4">
		<COMMON>Marsh Marigold</COMMON>
		<BOTANICAL>Caltha palustris</BOTANICAL>
		<LIGHT>Mostly Sunny</LIGHT>
		<PRICE>6.81</PRICE>
		<AVAILABILITY>051799</AVAILABILITY>
	</PLANT>
	<PLANT zone="4">
		<COMMON>Cowslip</COMMON>
		<BOTANICAL>Caltha palustris</BOTANICAL>
		<LIGHT>Mostly Shady</LIGHT>
		<PRICE>9.90</PRICE>
		<AVAILABILITY>030699</AVAILABILITY>
	</PLANT>
	<PLANT zone="3">
		<COMMON>Dutchman's-Breeches</COMMON>
		<BOTANICAL>Dicentra cucullaria</BOTANICAL>
		<LIGHT>Mostly Shady</LIGHT>
		<PRICE>6.44</PRICE>
		<AVAILABILITY>012099</AVAILABILITY>
	</PLANT>
	<PLANT zone="3">
		<COMMON>Ginger, Wild</COMMON>
		<BOTANICAL>Asarum canadense</BOTANICAL>
		<LIGHT>Mostly Shady</LIGHT>
		<PRICE>9.03</PRICE>
		<AVAILABILITY>041899</AVAILABILITY>
	</PLANT>
	<PLANT zone="4">
		<COMMON>Hepatica</COMMON>
		<BOTANICAL>Hepatica americana</BOTANICAL>
		<LIGHT>Mostly Shady</LIGHT>
		<PRICE>4.45</PRICE>
		<AVAILABILITY>012699</AVAILABILITY>
	</PLANT>
	<PLANT zone="4">
		<COMMON>Liverleaf</COMMON>
		<BOTANICAL>Hepatica americana</BOTANICAL>
		<LIGHT>Mostly Shady</LIGHT>
		<PRICE>3.99</PRICE>
		<AVAILABILITY>010299</AVAILABILITY>
	</PLANT>
	<PLANT zone="4">
		<COMMON>Jack-In-The-Pulpit</COMMON>
		<BOTANICAL>Arisaema triphyllum</BOTANICAL>
		<LIGHT>Mostly Shady</LIGHT>
		<PRICE>3.23</PRICE>
		<AVAILABILITY>020199</AVAILABILITY>
	</PLANT>
	<PLANT zone="3">
		<COMMON>Mayapple</COMMON>
		<BOTANICAL>Podophyllum peltatum</BOTANICAL>
		<LIGHT>Mostly Shady</LIGHT>
		<PRICE>2.98</PRICE>
		<AVAILABILITY>060599</AVAILABILITY>
	</PLANT>
	<PLANT zone="3">
		<COMMON>Phlox, Woodland</COMMON>
		<BOTANICAL>Phlox divaricata</BOTANICAL>
		<LIGHT>Sun or Shade</LIGHT>
		<PRICE>2.80</PRICE>
		<AVAILABILITY>012299</AVAILABILITY>
	</PLANT>
	<PLANT zone="3">
		<COMMON>Phlox, Blue</COMMON>
		<BOTANICAL>Phlox divaricata</BOTANICAL>
		<LIGHT>Sun or Shade</LIGHT>
		<PRICE>5.59</PRICE>
		<AVAILABILITY>021699</AVAILABILITY>
	</PLANT>
	<PLANT zone="7">
		<COMMON>Spring-Beauty</COMMON>
		<BOTANICAL>Claytonia Virginica</BOTANICAL>
		<LIGHT>Mostly Shady</LIGHT>
		<PRICE>6.59</PRICE>
		<AVAILABILITY>020199</AVAILABILITY>
	</PLANT>
	<PLANT zone="5">
		<COMMON>Trillium</COMMON>
		<BOTANICAL>Trillium grandiflorum</BOTANICAL>
		<LIGHT>Sun or Shade</LIGHT>
		<PRICE>3.90</PRICE>
		<AVAILABILITY>042999</AVAILABILITY>
	</PLANT>
	<PLANT zone="5">
		<COMMON>Wake Robin</COMMON>
		<BOTANICAL>Trillium grandiflorum</BOTANICAL>
		<LIGHT>Sun or Shade</LIGHT>
		<PRICE>3.20</PRICE>
		<AVAILABILITY>022199</AVAILABILITY>
	</PLANT>
	<PLANT zone="4">
		<COMMON>Violet, Dog-Tooth</COMMON>
		<BOTANICAL>Erythronium americanum</BOTANICAL>
		<LIGHT>Shade</LIGHT>
		<PRICE>9.04</PRICE>
		<AVAILABILITY>020199</AVAILABILITY>
	</PLANT>
	<PLANT zone="4">
		<COMMON>Trout Lily</COMMON>
		<BOTANICAL>Erythronium americanum</BOTANICAL>
		<LIGHT>Shade</LIGHT>
		<PRICE>6.94</PRICE>
		<AVAILABILITY>032499</AVAILABILITY>
	</PLANT>
	<PLANT zone="4">
		<COMMON>Adder's-Tongue</COMMON>
		<BOTANICAL>Erythronium americanum</BOTANICAL>
		<LIGHT>Shade</LIGHT>
		<PRICE>9.58</PRICE>
		<AVAILABILITY>041399</AVAILABILITY>
	</PLANT>
	<PLANT zone="6">
		<COMMON>Anemone</COMMON>
		<BOTANICAL>Anemone blanda</BOTANICAL>
		<LIGHT>Mostly Shady</LIGHT>
		<PRICE>8.86</PRICE>
		<AVAILABILITY>122698</AVAILABILITY>
	</PLANT>
	<PLANT zone="6">
		<COMMON>Grecian Windflower</COMMON>
		<BOTANICAL>Anemone blanda</BOTANICAL>
		<LIGHT>Mostly Shady</LIGHT>
		<PRICE>9.16</PRICE>
		<AVAILABILITY>071099</AVAILABILITY>
	</PLANT>
	<PLANT zone="4">
		<COMMON>Bee Balm</COMMON>
		<BOTANICAL>Monarda didyma</BOTANICAL>
		<LIGHT>Shade</LIGHT>
		<PRICE>4.59</PRICE>
		<AVAILABILITY>050399</AVAILABILITY>
	</PLANT>
	<PLANT zone="4">
		<COMMON>Bergamot</COMMON>
		<BOTANICAL>Monarda didyma</BOTANICAL>
		<LIGHT>Shade</LIGHT>
		<PRICE>7.16</PRICE>
		<AVAILABILITY>042799</AVAILABILITY>
	</PLANT>
	<PLANT zone="Annual">
		<COMMON>Black-Eyed Susan</COMMON>
		<BOTANICAL>Rudbeckia hirta</BOTANICAL>
		<LIGHT>Sunny</LIGHT>
		<PRICE>9.80</PRICE>
		<AVAILABILITY>061899</AVAILABILITY>
	</PLANT>
	<PLANT zone="4">
		<COMMON>Buttercup</COMMON>
		<BOTANICAL>Ranunculus</BOTANICAL>
		<LIGHT>Shade</LIGHT>
		<PRICE>2.57</PRICE>
		<AVAILABILITY>061099</AVAILABILITY>
	</PLANT>
	<PLANT zone="4">
		<COMMON>Crowfoot</COMMON>
		<BOTANICAL>Ranunculus</BOTANICAL>
		<LIGHT>Shade</LIGHT>
		<PRICE>9.34</PRICE>
		<AVAILABILITY>040399</AVAILABILITY>
	</PLANT>
	<PLANT zone="Annual">
		<COMMON>Butterfly Weed</COMMON>
		<BOTANICAL>Asclepias tuberosa</BOTANICAL>
		<LIGHT>Sunny</LIGHT>
		<PRICE>2.78</PRICE>
		<AVAILABILITY>063099</AVAILABILITY>
	</PLANT>
	<PLANT zone="Annual">
		<COMMON>Cinquefoil</COMMON>
		<BOTANICAL>Potentilla</BOTANICAL>
		<LIGHT>Shade</LIGHT>
		<PRICE>7.06</PRICE>
		<AVAILABILITY>052599</AVAILABILITY>
	</PLANT>
	<PLANT zone="5">
		<COMMON>Primrose</COMMON>
		<BOTANICAL>Oenothera</BOTANICAL>
		<LIGHT>Sunny</LIGHT>
		<PRICE>6.56</PRICE>
		<AVAILABILITY>013099</AVAILABILITY>
	</PLANT>
	<PLANT zone="4">
		<COMMON>Gentian</COMMON>
		<BOTANICAL>Gentiana</BOTANICAL>
		<LIGHT>Sun or Shade</LIGHT>
		<PRICE>7.81</PRICE>
		<AVAILABILITY>051899</AVAILABILITY>
	</PLANT>
	<PLANT zone="4">
		<COMMON>Blue Gentian</COMMON>
		<BOTANICAL>Gentiana</BOTANICAL>
		<LIGHT>Sun or Shade</LIGHT>
		<PRICE>8.56</PRICE>
		<AVAILABILITY>050299</AVAILABILITY>
	</PLANT>
	<PLANT zone="Annual">
		<COMMON>Jacob's Ladder</COMMON>
		<BOTANICAL>Polemonium caeruleum</BOTANICAL>
		<LIGHT>Shade</LIGHT>
		<PRICE>9.26</PRICE>
		<AVAILABILITY>022199</AVAILABILITY>
	</PLANT>
	<PLANT zone="Annual">
		<COMMON>Greek Valerian</COMMON>
		<BOTANICAL>Polemonium caeruleum</BOTANICAL>
		<LIGHT>Shade</LIGHT>
		<PRICE>4.36</PRICE>
		<AVAILABILITY>071499</AVAILABILITY>
	</PLANT>
	<PLANT zone="Annual">
		<COMMON>California Poppy</COMMON>
		<BOTANICAL>Eschscholzia californica</BOTANICAL>
		<LIGHT>Sun</LIGHT>
		<PRICE>7.89</PRICE>
		<AVAILABILITY>032799</AVAILABILITY>
	</PLANT>
	<PLANT zone="Annual">
		<COMMON>Shooting Star</COMMON>
		<BOTANICAL>Dodecatheon</BOTANICAL>
		<LIGHT>Mostly Shady</LIGHT>
		<PRICE>8.60</PRICE>
		<AVAILABILITY>051399</AVAILABILITY>
	</PLANT>
	<PLANT zone="Annual">
		<COMMON>Snakeroot</COMMON>
		<BOTANICAL>Cimicifuga</BOTANICAL>
		<LIGHT>Shade</LIGHT>
		<PRICE>5.63</PRICE>
		<AVAILABILITY>071199</AVAILABILITY>
	</PLANT>
	<PLANT zone="2">
		<COMMON>Cardinal Flower</COMMON>
		<BOTANICAL>Lobelia cardinalis</BOTANICAL>
		<LIGHT>Shade</LIGHT>
		<PRICE>3.02</PRICE>
		<AVAILABILITY>022299</AVAILABILITY>
	</PLANT>
</PLANTS>
